Tsp_Pcode,admin1,admin2,admin3,current_month_end,current_event_2m,current_fatalities_2m,local_med_event,local_mad_event,glob_med_event,glob_mad_event,local_med_fatal,local_mad_fatal,glob_med_fatal,glob_mad_fatal,flag_local_event,flag_global_event,flag_local_fatal,flag_global_fatal,flag_description,map_category
MMR001001,Kachin,Myitkyina,Myitkyina,2025-12-31,1.0,0.0,1.5,2.2239,4.0,4.4478,0.0,0.0,0.0,1.4826,0,0,0,0,normal,normal
MMR001002,Kachin,Myitkyina,Waingmaw,2025-12-31,2.0,0.0,1.0,0.37065,5.0,4.4478,0.0,0.0,1.0,1.4826,0,0,0,0,normal,normal
MMR001003,Kachin,Myitkyina,Injangyang,2025-12-31,0.0,0.0,0.0,0.0,0.0,0.0,0.0,0.0,0.0,0.0,0,0,0,0,normal,normal
MMR001004,Kachin,Myitkyina,Tanai,2025-12-31,1.0,15.0,0.0,0.0,1.0,1.4826,0.0,0.0,0.0,0.0,0,0,1,1,Abnormal increase in fatalities compared to past months and long-term history.,Fatality surge
MMR001005,Kachin,Myitkyina,Chipwi,2025-12-31,0.0,0.0,0.0,0.0,0.0,0.0,0.0,0.0,0.0,0.0,0,0,0,0,normal,normal
MMR001006,Kachin,Myitkyina,Tsawlaw,2025-12-31,0.0,0.0,0.0,0.0,0.0,0.0,0.0,0.0,0.0,0.0,0,0,0,0,normal,normal
MMR001007,Kachin,Mohnyin,Mohnyin,2025-12-31,5.0,5.0,1.0,1.4826,3.0,2.9652,0.0,0.0,1.0,2.2239,1,0,1,0,Abnormal increase in fatalities compared to past months. Abnormal increase in armed-conflict events compared to past months.,Both surges
MMR001008,Kachin,Mohnyin,Mogaung,2025-12-31,0.0,0.0,0.0,0.0,1.0,2.9652,0.0,0.0,0.0,0.0,0,0,0,0,normal,normal
MMR001009,Kachin,Mohnyin,Hpakant,2025-12-31,13.0,38.0,15.5,0.7413,18.0,4.4478,28.0,8.1543,14.0,10.3782,0,0,0,0,normal,normal
MMR001010,Kachin,Bhamo,Bhamo,2025-12-31,2.0,0.0,7.0,1.4826,4.0,3.7064999999999997,0.5,1.11195,0.0,0.0,0,0,0,0,normal,normal
MMR001011,Kachin,Bhamo,Shwegu,2025-12-31,2.0,7.0,0.0,0.0,4.0,4.4478,0.0,0.0,1.0,2.9652,1,0,1,0,Abnormal increase in fatalities compared to past months. Abnormal increase in armed-conflict events compared to past months.,Both surges
MMR001012,Kachin,Bhamo,Momauk,2025-12-31,0.0,0.0,0.0,0.0,5.0,5.9304,0.0,0.0,1.0,1.4826,0,0,0,0,normal,normal
MMR001013,Kachin,Bhamo,Mansi,2025-12-31,0.0,0.0,0.0,0.0,1.0,1.4826,0.0,0.0,0.0,0.0,0,0,0,0,normal,normal
MMR001014,Kachin,Puta-O,Puta-O,2025-12-31,0.0,0.0,0.0,0.0,1.0,1.4826,0.0,0.0,0.0,0.0,0,0,0,0,normal,normal
MMR001015,Kachin,Puta-O,Sumprabum,2025-12-31,1.0,0.0,0.0,0.0,0.0,1.4826,0.0,0.0,0.0,0.0,0,0,0,0,normal,normal
MMR001017,Kachin,Puta-O,Nawngmun,2025-12-31,0.0,0.0,0.0,0.0,0.0,0.0,0.0,0.0,0.0,0.0,0,0,0,0,normal,normal
MMR001018,Kachin,Puta-O,Khaunglanhpu,2025-12-31,1.0,0.0,0.0,0.0,0.0,0.0,0.0,0.0,0.0,0.0,0,0,0,0,normal,normal
MMR002001,Kayah,Loikaw,Loikaw,2025-12-31,2.0,5.0,4.5,2.2239,7.0,5.9304,3.0,2.59455,6.0,10.3782,0,0,0,0,normal,normal
MMR002002,Kayah,Loikaw,Demoso,2025-12-31,3.0,1.0,3.0,2.2239,9.0,9.636899999999999,5.5,7.04235,9.0,14.825999999999999,0,0,0,0,normal,normal
MMR002003,Kayah,Loikaw,Hpruso,2025-12-31,0.0,0.0,0.0,0.0,3.0,4.4478,0.0,0.0,2.0,7.412999999999999,0,0,0,0,normal,normal
MMR002004,Kayah,Loikaw,Shadaw,2025-12-31,2.0,0.0,0.0,0.0,0.0,1.4826,0.0,0.0,0.0,0.0,1,1,0,0,Abnormal increase in armed-conflict events compared to past months and long-term history.,Event surge
MMR002005,Kayah,Bawlake,Bawlake,2025-12-31,2.0,9.0,0.5,1.11195,1.0,1.4826,0.0,0.7413,0.0,0.7413,0,0,1,1,Abnormal increase in fatalities compared to past months and long-term history.,Fatality surge
MMR002006,Kayah,Bawlake,Hpasawng,2025-12-31,0.0,0.0,2.0,1.11195,1.0,1.4826,3.0,2.2239,0.0,0.0,0,0,0,0,normal,normal
MMR002007,Kayah,Bawlake,Mese,2025-12-31,0.0,0.0,0.0,0.0,0.0,0.0,0.0,0.0,0.0,0.0,0,0,0,0,normal,normal
MMR003001,Kayin,Hpa-An,Hpa-An,2025-12-31,2.0,0.0,2.5,1.11195,4.0,2.9652,0.0,0.0,1.0,1.4826,0,0,0,0,normal,normal
MMR003002,Kayin,Hpa-An,Hlaingbwe,2025-12-31,6.0,0.0,6.0,1.8532499999999998,1.0,1.4826,0.0,0.0,0.0,0.0,0,1,0,0,Abnormal increase in armed-conflict events compared to long-term history.,Event surge
MMR003003,Kayin,Hpapun,Hpapun,2025-12-31,0.0,0.0,2.0,0.0,4.0,4.4478,0.0,0.0,8.0,11.8608,0,0,0,0,normal,normal
MMR003004,Kayin,Hpa-An,Thandaunggyi,2025-12-31,3.0,3.0,3.5,3.7064999999999997,2.0,2.2239,11.5,13.343399999999999,1.0,1.4826,0,0,0,0,normal,normal
MMR003005,Kayin,Myawaddy,Myawaddy,2025-12-31,6.0,2.0,4.0,2.2239,9.0,4.4478,0.0,1.11195,11.0,19.273799999999998,0,0,0,0,normal,normal
MMR003006,Kayin,Kawkareik,Kawkareik,2025-12-31,25.0,32.0,20.5,5.9304,11.0,5.1891,15.0,7.78365,8.0,5.9304,0,1,0,1,Abnormal increase in fatalities compared to long-term history. Abnormal increase in armed-conflict events compared to long-term history.,Both surges
MMR003007,Kayin,Kawkareik,Kyainseikgyi,2025-12-31,1.0,0.0,1.0,2.59455,6.0,4.4478,0.0,0.0,2.0,2.9652,0,0,0,0,normal,normal
MMR004001,Chin,Falam,Falam,2025-12-31,2.0,1.0,2.5,2.59455,3.0,2.9652,0.0,1.11195,1.0,3.7064999999999997,0,0,0,0,normal,normal
MMR004002,Chin,Hakha,Hakha,2025-12-31,1.0,0.0,2.0,0.37065,5.0,2.9652,0.0,0.0,2.0,6.6716999999999995,0,0,0,0,normal,normal
MMR004003,Chin,Hakha,Thantlang,2025-12-31,0.0,0.0,0.0,0.0,2.0,2.2239,0.0,0.0,1.0,3.7064999999999997,0,0,0,0,normal,normal
MMR004004,Chin,Falam,Tedim,2025-12-31,1.0,0.0,2.0,0.7413,2.0,1.4826,3.5,2.2239,0.0,1.4826,0,0,0,0,normal,normal
MMR004005,Chin,Falam,Tonzang,2025-12-31,0.0,0.0,0.0,0.7413,0.0,0.0,0.0,0.0,0.0,0.0,0,0,0,0,normal,normal
MMR004006,Chin,Mindat,Mindat,2025-12-31,0.0,0.0,2.0,0.7413,6.0,2.9652,3.0,4.4478,4.0,11.119499999999999,0,0,0,0,normal,normal
MMR004007,Chin,Matupi,Matupi,2025-12-31,1.0,0.0,1.0,0.7413,3.0,2.9652,0.0,0.0,0.0,2.2239,0,0,0,0,normal,normal
MMR004008,Chin,Mindat,Kanpetlet,2025-12-31,0.0,0.0,0.0,0.37065,1.0,1.4826,0.0,0.0,0.0,2.9652,0,0,0,0,normal,normal
MMR004009,Chin,Matupi,Paletwa,2025-12-31,0.0,0.0,0.0,0.0,3.0,2.9652,0.0,0.0,1.0,2.2239,0,0,0,0,normal,normal
MMR005001,Sagaing,Sagaing,Sagaing,2025-12-31,13.0,55.0,6.5,2.2239,10.0,5.1891,7.5,4.07715,8.0,5.9304,1,0,1,1,Abnormal increase in fatalities compared to past months and long-term history. Abnormal increase in armed-conflict events compared to past months.,Both surges
MMR005002,Sagaing,Sagaing,Myinmu,2025-12-31,2.0,3.0,1.5,2.59455,8.0,5.1891,1.0,1.11195,9.0,16.3086,0,0,0,0,normal,normal
MMR005003,Sagaing,Sagaing,Myaung,2025-12-31,4.0,0.0,1.5,0.7413,8.0,7.412999999999999,0.0,0.0,8.0,13.343399999999999,1,0,0,0,Abnormal increase in armed-conflict events compared to past months.,Event surge
MMR005004,Sagaing,Shwebo,Shwebo,2025-12-31,1.0,0.0,6.5,2.2239,16.0,6.6716999999999995,6.5,5.559749999999999,16.0,20.0151,0,0,0,0,normal,normal
MMR005005,Sagaing,Shwebo,Khin-U,2025-12-31,0.0,0.0,0.0,1.11195,11.0,7.412999999999999,0.0,0.0,5.0,8.8956,0,0,0,0,normal,normal
MMR005006,Sagaing,Shwebo,Wetlet,2025-12-31,11.0,4.0,4.0,3.7064999999999997,9.0,9.636899999999999,7.0,4.4478,14.0,17.7912,0,0,0,0,normal,normal
MMR005007,Sagaing,Kanbalu,Kanbalu,2025-12-31,6.0,0.0,2.5,4.07715,14.0,6.6716999999999995,3.0,2.59455,12.0,14.825999999999999,0,0,0,0,normal,normal
MMR005008,Sagaing,Kanbalu,Kyunhla,2025-12-31,0.0,0.0,0.5,0.7413,1.0,2.2239,0.0,0.0,0.0,1.4826,0,0,0,0,normal,normal
MMR005009,Sagaing,Shwebo,Ye-U,2025-12-31,4.0,1.0,3.0,0.7413,6.0,4.4478,0.5,1.4826,6.0,7.412999999999999,0,0,0,0,normal,normal
MMR005010,Sagaing,Shwebo,Tabayin,2025-12-31,5.0,29.0,0.0,0.0,7.0,8.8956,0.0,0.0,4.0,8.8956,1,0,1,1,Abnormal increase in fatalities compared to past months and long-term history. Abnormal increase in armed-conflict events compared to past months.,Both surges
MMR005011,Sagaing,Shwebo,Taze,2025-12-31,1.0,0.0,1.0,1.4826,9.0,8.8956,1.0,11.119499999999999,12.0,17.7912,0,0,0,0,normal,normal
MMR005012,Sagaing,Monywa,Monywa,2025-12-31,14.0,22.0,9.0,5.559749999999999,25.0,11.8608,19.5,13.714049999999999,25.0,20.7564,0,0,0,0,normal,normal
MMR005013,Sagaing,Monywa,Budalin,2025-12-31,0.0,0.0,0.0,2.2239,7.0,5.9304,0.0,0.0,6.0,5.9304,0,0,0,0,normal,normal
MMR005014,Sagaing,Monywa,Ayadaw,2025-12-31,4.0,3.0,2.5,0.7413,8.0,5.9304,10.0,9.636899999999999,8.0,6.6716999999999995,0,0,0,0,normal,normal
MMR005015,Sagaing,Monywa,Chaung-U,2025-12-31,4.0,6.0,5.5,0.7413,8.0,4.4478,6.0,2.59455,10.0,8.1543,0,0,0,0,normal,normal
MMR005016,Sagaing,Yinmarbin,Yinmarbin,2025-12-31,21.0,0.0,20.0,6.6716999999999995,38.0,14.825999999999999,0.0,0.0,11.0,17.7912,0,0,0,0,normal,normal
MMR005017,Sagaing,Yinmarbin,Kani,2025-12-31,6.0,1.0,2.5,1.4826,10.0,7.412999999999999,0.0,0.0,10.0,15.5673,0,0,0,0,normal,normal
MMR005018,Sagaing,Yinmarbin,Salingyi,2025-12-31,6.0,0.0,10.0,2.2239,27.0,15.5673,0.0,0.0,6.0,10.3782,0,0,0,0,normal,normal
MMR005019,Sagaing,Yinmarbin,Pale,2025-12-31,2.0,0.0,6.5,4.07715,10.0,5.9304,7.0,12.231449999999999,20.0,19.273799999999998,0,0,0,0,normal,normal
MMR005020,Sagaing,Katha,Katha,2025-12-31,0.0,0.0,0.0,0.0,6.0,5.9304,0.0,0.0,2.0,7.412999999999999,0,0,0,0,normal,normal
MMR005021,Sagaing,Katha,Indaw,2025-12-31,1.0,2.0,1.5,2.2239,3.0,2.9652,0.0,0.0,0.0,1.4826,0,0,0,0,normal,normal
MMR005022,Sagaing,Katha,Tigyaing,2025-12-31,1.0,0.0,0.5,0.7413,5.0,7.412999999999999,0.0,0.0,4.0,9.636899999999999,0,0,0,0,normal,normal
MMR005023,Sagaing,Katha,Banmauk,2025-12-31,0.0,0.0,0.0,0.0,1.0,2.2239,0.0,0.0,0.0,0.0,0,0,0,0,normal,normal
MMR005024,Sagaing,Kawlin,Kawlin,2025-12-31,4.0,2.0,1.5,1.4826,4.0,2.9652,0.5,1.4826,4.0,5.9304,0,0,0,0,normal,normal
MMR005025,Sagaing,Kawlin,Wuntho,2025-12-31,0.0,0.0,0.0,0.0,1.0,1.4826,0.0,0.0,0.0,0.0,0,0,0,0,normal,normal
MMR005026,Sagaing,Kawlin,Pinlebu,2025-12-31,0.0,0.0,0.0,0.0,0.0,1.4826,0.0,0.0,0.0,0.0,0,0,0,0,normal,normal
MMR005027,Sagaing,Kale,Kale,2025-12-31,9.0,15.0,9.0,3.3358499999999998,25.0,17.7912,6.0,5.1891,17.0,24.462899999999998,0,0,0,0,normal,normal
MMR005028,Sagaing,Kale,Kalewa,2025-12-31,1.0,0.0,0.0,0.37065,0.0,0.0,0.0,0.0,0.0,0.0,0,0,0,0,normal,normal
MMR005029,Sagaing,Kale,Mingin,2025-12-31,2.0,2.0,0.5,0.37065,4.0,5.9304,0.5,0.7413,6.0,10.3782,1,0,0,0,Abnormal increase in armed-conflict events compared to past months.,Event surge
MMR005030,Sagaing,Tamu,Tamu,2025-12-31,0.0,0.0,3.0,0.0,3.0,2.9652,3.5,4.8184499999999995,4.0,5.1891,0,0,0,0,normal,normal
MMR005031,Sagaing,Mawlaik,Mawlaik,2025-12-31,0.0,0.0,0.0,0.0,0.0,0.0,0.0,0.0,0.0,0.0,0,0,0,0,normal,normal
MMR005032,Sagaing,Mawlaik,Paungbyin,2025-12-31,0.0,0.0,0.0,0.0,0.0,1.4826,0.0,0.0,0.0,0.0,0,0,0,0,normal,normal
MMR005033,Sagaing,Hkamti,Hkamti,2025-12-31,0.0,0.0,0.0,0.0,0.0,0.0,0.0,0.0,0.0,0.0,0,0,0,0,normal,normal
MMR005034,Sagaing,Hkamti,Homalin,2025-12-31,1.0,0.0,1.5,1.4826,2.0,1.4826,0.0,0.0,1.0,1.4826,0,0,0,0,normal,normal
MMR005035,Sagaing,Naga Self-Administered Zone,Lay Shi,2025-12-31,0.0,0.0,0.0,0.0,0.0,0.0,0.0,0.0,0.0,0.0,0,0,0,0,normal,normal
MMR005036,Sagaing,Naga Self-Administered Zone,Lahe,2025-12-31,0.0,0.0,0.0,0.0,0.0,0.0,0.0,0.0,0.0,0.0,0,0,0,0,normal,normal
MMR005037,Sagaing,Naga Self-Administered Zone,Nanyun,2025-12-31,0.0,0.0,0.0,0.0,0.0,0.0,0.0,0.0,0.0,0.0,0,0,0,0,normal,normal
MMR006001,Tanintharyi,Dawei,Dawei,2025-12-31,2.0,0.0,8.0,2.59455,9.0,4.4478,5.0,5.9304,8.0,8.8956,0,0,0,0,normal,normal
MMR006002,Tanintharyi,Dawei,Launglon,2025-12-31,5.0,3.0,6.0,3.3358499999999998,19.0,7.412999999999999,5.5,6.6716999999999995,5.0,4.4478,0,0,0,0,normal,normal
MMR006003,Tanintharyi,Dawei,Thayetchaung,2025-12-31,5.0,5.0,2.0,0.7413,7.0,2.9652,0.5,0.7413,4.0,5.9304,1,0,1,0,Abnormal increase in fatalities compared to past months. Abnormal increase in armed-conflict events compared to past months.,Both surges
MMR006004,Tanintharyi,Dawei,Yebyu,2025-12-31,3.0,4.0,2.5,2.2239,6.0,2.9652,4.0,5.1891,5.0,4.4478,0,0,0,0,normal,normal
MMR006005,Tanintharyi,Myeik,Myeik,2025-12-31,2.0,0.0,1.5,0.7413,2.0,1.4826,0.0,0.0,0.0,0.0,0,0,0,0,normal,normal
MMR006006,Tanintharyi,Myeik,Kyunsu,2025-12-31,2.0,0.0,1.0,0.7413,1.0,1.4826,0.0,0.7413,0.0,0.0,0,0,0,0,normal,normal
MMR006007,Tanintharyi,Myeik,Palaw,2025-12-31,7.0,1.0,5.5,2.2239,8.0,4.4478,3.0,3.7064999999999997,5.0,5.9304,0,0,0,0,normal,normal
MMR006008,Tanintharyi,Myeik,Tanintharyi,2025-12-31,5.0,3.0,13.0,4.4478,10.0,5.9304,10.0,5.9304,5.0,7.412999999999999,0,0,0,0,normal,normal
MMR006009,Tanintharyi,Kawthoung,Kawthoung,2025-12-31,2.0,2.0,1.0,0.7413,1.0,1.4826,1.0,1.11195,0.0,0.0,0,0,0,0,normal,normal
MMR006010,Tanintharyi,Kawthoung,Bokpyin,2025-12-31,2.0,0.0,1.0,0.37065,2.0,1.4826,0.5,0.7413,0.0,0.0,0,0,0,0,normal,normal
MMR007001,Bago,Bago,Bago,2025-12-31,0.0,0.0,2.0,2.2239,1.0,1.4826,0.5,1.4826,0.0,1.4826,0,0,0,0,normal,normal
MMR007002,Bago,Bago,Thanatpin,2025-12-31,0.0,0.0,0.0,0.0,0.0,0.0,0.0,0.0,0.0,0.0,0,0,0,0,normal,normal
MMR007003,Bago,Bago,Kawa,2025-12-31,0.0,0.0,0.0,0.0,0.0,0.0,0.0,0.0,0.0,0.0,0,0,0,0,normal,normal
MMR007004,Bago,Bago,Waw,2025-12-31,0.0,0.0,0.5,1.11195,0.0,0.7413,0.0,0.0,0.0,0.0,0,0,0,0,normal,normal
MMR007005,Bago,Bago,Nyaunglebin,2025-12-31,5.0,3.0,2.5,1.11195,3.0,2.9652,0.0,0.0,0.0,0.0,0,0,1,0,Abnormal increase in fatalities compared to past months.,Fatality surge
MMR007006,Bago,Bago,Kyauktaga,2025-12-31,7.0,0.0,6.0,2.2239,3.0,2.9652,0.0,0.37065,0.0,0.0,0,0,0,0,normal,normal
MMR007007,Bago,Bago,Daik-U,2025-12-31,0.0,0.0,0.0,0.0,0.0,0.0,0.0,0.0,0.0,0.0,0,0,0,0,normal,normal
MMR007008,Bago,Bago,Shwegyin,2025-12-31,5.0,21.0,6.0,2.59455,3.0,2.9652,12.5,9.26625,0.0,0.0,0,0,0,1,Abnormal increase in fatalities compared to long-term history.,Fatality surge
MMR007009,Bago,Taungoo,Taungoo,2025-12-31,3.0,0.0,7.0,2.59455,3.0,1.4826,11.0,14.0847,3.0,2.9652,0,0,0,0,normal,normal
MMR007010,Bago,Taungoo,Yedashe,2025-12-31,3.0,1.0,2.0,1.8532499999999998,3.0,2.2239,2.0,5.559749999999999,6.0,7.412999999999999,0,0,0,0,normal,normal
MMR007011,Bago,Taungoo,Kyaukkyi,2025-12-31,4.0,0.0,14.5,3.3358499999999998,10.0,5.9304,3.5,7.78365,3.0,2.9652,0,0,0,0,normal,normal
MMR007012,Bago,Taungoo,Phyu,2025-12-31,0.0,0.0,7.0,3.7064999999999997,4.0,3.7064999999999997,3.0,4.07715,2.0,2.9652,0,0,0,0,normal,normal
MMR007013,Bago,Taungoo,Oktwin,2025-12-31,2.0,1.0,1.0,1.8532499999999998,0.0,0.0,0.5,0.37065,0.0,0.0,0,1,0,0,Abnormal increase in armed-conflict events compared to long-term history.,Event surge
MMR007014,Bago,Taungoo,Htantabin,2025-12-31,4.0,8.0,2.5,2.9652,1.0,1.4826,1.0,1.4826,1.0,1.4826,0,0,0,0,normal,normal
MMR008001,Bago,Pyay,Pyay,2025-12-31,0.0,0.0,3.0,2.2239,1.0,1.4826,2.0,0.7413,0.0,1.4826,0,0,0,0,normal,normal
MMR008002,Bago,Pyay,Paukkhaung,2025-12-31,0.0,0.0,1.5,2.59455,1.0,1.4826,0.0,0.0,0.0,0.0,0,0,0,0,normal,normal
MMR008003,Bago,Pyay,Padaung,2025-12-31,7.0,0.0,4.0,1.4826,0.0,0.0,0.0,0.0,0.0,0.0,0,1,0,0,Abnormal increase in armed-conflict events compared to long-term history.,Event surge
MMR008004,Bago,Pyay,Paungde,2025-12-31,1.0,0.0,0.5,0.7413,2.0,1.4826,0.0,0.0,2.0,2.9652,0,0,0,0,normal,normal
MMR008005,Bago,Pyay,Thegon,2025-12-31,6.0,16.0,1.5,2.2239,0.0,0.7413,3.0,4.07715,0.0,0.0,0,1,1,1,Abnormal increase in fatalities compared to past months and long-term history. Abnormal increase in armed-conflict events compared to long-term history.,Both surges
MMR008006,Bago,Pyay,Shwedaung,2025-12-31,0.0,0.0,0.0,0.0,0.0,0.0,0.0,0.0,0.0,0.0,0,0,0,0,normal,normal
MMR008007,Bago,Thayarwady,Thayarwady,2025-12-31,2.0,1.0,2.5,2.59455,1.0,1.4826,0.0,0.0,0.0,0.0,0,0,0,0,normal,normal
MMR008008,Bago,Thayarwady,Letpadan,2025-12-31,4.0,10.0,4.0,2.2239,1.0,1.4826,1.5,2.2239,0.0,0.0,0,0,1,1,Abnormal increase in fatalities compared to past months and long-term history.,Fatality surge
MMR008009,Bago,Thayarwady,Minhla,2025-12-31,11.0,0.0,5.0,2.9652,2.0,1.4826,1.0,0.37065,0.0,0.0,0,1,0,0,Abnormal increase in armed-conflict events compared to long-term history.,Event surge
MMR008010,Bago,Thayarwady,Okpho,2025-12-31,11.0,17.0,6.0,2.9652,3.0,1.4826,3.5,1.11195,2.0,2.2239,0,1,1,1,Abnormal increase in fatalities compared to past months and long-term history. Abnormal increase in armed-conflict events compared to long-term history.,Both surges
MMR008011,Bago,Thayarwady,Zigon,2025-12-31,0.0,0.0,0.5,0.7413,0.0,0.0,0.5,0.37065,0.0,0.0,0,0,0,0,normal,normal
MMR008012,Bago,Thayarwady,Nattalin,2025-12-31,5.0,2.0,1.0,1.11195,2.0,1.4826,0.0,0.7413,1.0,1.4826,1,0,0,0,Abnormal increase in armed-conflict events compared to past months.,Event surge
MMR008013,Bago,Thayarwady,Monyo,2025-12-31,0.0,0.0,2.0,0.7413,0.0,0.0,0.0,0.0,0.0,0.0,0,0,0,0,normal,normal
MMR008014,Bago,Thayarwady,Gyobingauk,2025-12-31,6.0,5.0,5.0,2.9652,1.0,1.4826,2.5,3.7064999999999997,1.0,0.7413,0,1,0,0,Abnormal increase in armed-conflict events compared to long-term history.,Event surge
MMR009001,Magway,Magway,Magway,2025-12-31,0.0,0.0,0.0,0.37065,1.0,1.4826,0.0,0.0,0.0,0.0,0,0,0,0,normal,normal
MMR009002,Magway,Magway,Yenangyaung,2025-12-31,7.0,2.0,4.0,1.8532499999999998,1.0,1.4826,2.5,0.37065,0.0,0.0,0,1,0,0,Abnormal increase in armed-conflict events compared to long-term history.,Event surge
MMR009003,Magway,Magway,Chauk,2025-12-31,1.0,1.0,1.5,2.9652,2.0,1.4826,0.0,2.9652,0.0,0.0,0,0,0,0,normal,normal
MMR009004,Magway,Magway,Taungdwingyi,2025-12-31,1.0,1.0,0.5,0.0,1.0,1.4826,0.5,0.37065,0.0,0.0,1,0,0,0,Abnormal increase in armed-conflict events compared to past months.,Event surge
MMR009005,Magway,Magway,Myothit,2025-12-31,1.0,0.0,0.0,0.0,0.0,1.4826,0.0,0.0,0.0,0.0,0,0,0,0,normal,normal
MMR009006,Magway,Magway,Natmauk,2025-12-31,3.0,0.0,2.0,0.7413,2.0,1.4826,1.0,1.4826,1.0,0.7413,0,0,0,0,normal,normal
MMR009007,Magway,Minbu,Minbu,2025-12-31,2.0,0.0,0.5,0.7413,0.0,1.4826,0.0,0.0,0.0,0.0,0,1,0,0,Abnormal increase in armed-conflict events compared to long-term history.,Event surge
MMR009008,Magway,Minbu,Pwintbyu,2025-12-31,1.0,0.0,1.0,0.7413,1.0,1.4826,6.0,11.8608,0.0,0.0,0,0,0,0,normal,normal
MMR009009,Magway,Minbu,Ngape,2025-12-31,10.0,0.0,7.0,1.8532499999999998,1.0,0.7413,2.0,2.2239,0.0,0.0,0,1,0,0,Abnormal increase in armed-conflict events compared to long-term history.,Event surge
MMR009010,Magway,Minbu,Salin,2025-12-31,9.0,9.0,10.5,4.07715,2.0,1.4826,10.5,3.7064999999999997,1.0,1.4826,0,1,0,0,Abnormal increase in armed-conflict events compared to long-term history.,Event surge
MMR009011,Magway,Minbu,Sidoktaya,2025-12-31,0.0,0.0,0.0,0.0,0.0,0.0,0.0,0.0,0.0,0.0,0,0,0,0,normal,normal
MMR009012,Magway,Thayet,Thayet,2025-12-31,0.0,0.0,0.0,0.0,1.0,1.4826,0.0,0.0,0.0,0.0,0,0,0,0,normal,normal
MMR009013,Magway,Thayet,Minhla,2025-12-31,1.0,1.0,1.0,0.7413,0.0,0.0,1.0,1.11195,0.0,0.0,0,0,0,0,normal,normal
MMR009014,Magway,Thayet,Mindon,2025-12-31,1.0,0.0,0.0,0.0,1.0,1.4826,0.0,0.0,0.0,0.0,0,0,0,0,normal,normal
MMR009015,Magway,Thayet,Kamma,2025-12-31,2.0,2.0,1.5,1.4826,1.0,1.4826,1.0,0.7413,0.0,0.0,0,0,0,0,normal,normal
MMR009016,Magway,Thayet,Aunglan,2025-12-31,1.0,0.0,0.0,0.0,0.0,0.0,0.0,0.0,0.0,0.0,0,0,0,0,normal,normal
MMR009017,Magway,Thayet,Sinbaungwe,2025-12-31,1.0,0.0,0.0,0.0,0.0,0.0,0.0,0.0,0.0,0.0,0,0,0,0,normal,normal
MMR009018,Magway,Pakokku,Pakokku,2025-12-31,5.0,1.0,10.5,1.4826,12.0,5.1891,12.0,5.9304,12.0,9.636899999999999,0,0,0,0,normal,normal
MMR009019,Magway,Pakokku,Yesagyo,2025-12-31,5.0,11.0,5.5,2.59455,14.0,5.9304,12.5,14.0847,14.0,10.3782,0,0,0,0,normal,normal
MMR009020,Magway,Pakokku,Myaing,2025-12-31,6.0,0.0,12.5,4.07715,24.0,13.343399999999999,1.5,3.3358499999999998,19.0,14.825999999999999,0,0,0,0,normal,normal
MMR009021,Magway,Pakokku,Pauk,2025-12-31,17.0,9.0,4.5,4.4478,10.0,5.9304,2.5,5.9304,9.0,9.636899999999999,1,0,0,0,Abnormal increase in armed-conflict events compared to past months.,Event surge
MMR009022,Magway,Pakokku,Seikphyu,2025-12-31,4.0,9.0,2.5,0.7413,1.0,1.4826,9.0,7.78365,1.0,1.4826,0,0,0,0,normal,normal
MMR009023,Magway,Gangaw,Gangaw,2025-12-31,2.0,11.0,2.5,0.7413,8.0,5.9304,2.5,2.59455,4.0,14.0847,0,0,1,0,Abnormal increase in fatalities compared to past months.,Fatality surge
MMR009024,Magway,Gangaw,Tilin,2025-12-31,1.0,0.0,1.5,2.2239,3.0,2.9652,0.0,0.0,1.0,1.4826,0,0,0,0,normal,normal
MMR009025,Magway,Gangaw,Saw,2025-12-31,1.0,0.0,2.0,1.4826,4.0,2.9652,0.0,0.37065,4.0,5.9304,0,0,0,0,normal,normal
MMR010001,Mandalay,Mandalay,Aungmyaythazan,2025-12-31,2.0,0.0,1.0,0.0,6.0,8.8956,0.5,1.11195,1.0,1.4826,0,0,0,0,normal,normal
MMR010002,Mandalay,Mandalay,Chanayethazan,2025-12-31,0.0,0.0,0.0,0.0,2.0,1.4826,0.0,0.0,0.0,0.0,0,0,0,0,normal,normal
MMR010003,Mandalay,Mandalay,Mahaaungmyay,2025-12-31,0.0,0.0,0.0,0.0,4.0,4.4478,0.0,0.0,0.0,0.7413,0,0,0,0,normal,normal
MMR010004,Mandalay,Mandalay,Chanmyathazi,2025-12-31,0.0,0.0,0.0,0.0,3.0,4.4478,0.0,0.0,0.0,1.4826,0,0,0,0,normal,normal
MMR010005,Mandalay,Mandalay,Pyigyitagon,2025-12-31,1.0,0.0,0.0,0.0,6.0,11.8608,0.0,0.0,0.0,0.0,0,0,0,0,normal,normal
MMR010006,Mandalay,Mandalay,Amarapura,2025-12-31,2.0,0.0,0.0,0.0,2.0,2.9652,0.0,0.0,0.0,0.0,1,0,0,0,Abnormal increase in armed-conflict events compared to past months.,Event surge
MMR010007,Mandalay,Mandalay,Patheingyi,2025-12-31,0.0,0.0,1.0,2.2239,2.0,1.4826,0.0,0.0,0.0,1.4826,0,0,0,0,normal,normal
MMR010008,Mandalay,Pyinoolwin,Pyinoolwin,2025-12-31,2.0,0.0,0.5,1.4826,1.0,1.4826,0.0,0.0,0.0,0.0,0,0,0,0,normal,normal
MMR010009,Mandalay,Pyinoolwin,Madaya,2025-12-31,10.0,5.0,9.0,1.11195,11.0,7.412999999999999,5.5,2.9652,10.0,11.8608,0,0,0,0,normal,normal
MMR010010,Mandalay,Pyinoolwin,Singu,2025-12-31,2.0,1.0,2.0,2.9652,3.0,2.9652,1.0,0.7413,2.0,1.4826,0,0,0,0,normal,normal
MMR010011,Mandalay,Pyinoolwin,Mogoke,2025-12-31,3.0,1.0,3.5,2.59455,4.0,2.9652,7.5,10.00755,2.0,2.9652,0,0,0,0,normal,normal
MMR010012,Mandalay,Pyinoolwin,Thabeikkyin,2025-12-31,7.0,0.0,7.0,1.4826,4.0,2.9652,2.0,3.3358499999999998,5.0,5.9304,0,0,0,0,normal,normal
MMR010013,Mandalay,Kyaukse,Kyaukse,2025-12-31,0.0,0.0,0.0,0.0,1.0,1.4826,0.0,0.0,0.0,0.0,0,0,0,0,normal,normal
MMR010014,Mandalay,Kyaukse,Sintgaing,2025-12-31,0.0,0.0,0.0,0.37065,1.0,1.4826,0.0,0.0,0.0,0.0,0,0,0,0,normal,normal
MMR010015,Mandalay,Kyaukse,Myittha,2025-12-31,0.0,0.0,0.0,0.0,1.0,1.4826,0.0,0.0,0.0,0.0,0,0,0,0,normal,normal
MMR010016,Mandalay,Kyaukse,Tada-U,2025-12-31,0.0,0.0,0.0,0.0,1.0,1.4826,0.0,0.0,0.0,0.0,0,0,0,0,normal,normal
MMR010017,Mandalay,Myingyan,Myingyan,2025-12-31,5.0,28.0,6.0,4.07715,10.0,5.9304,14.0,9.636899999999999,14.0,10.3782,0,0,0,0,normal,normal
MMR010018,Mandalay,Myingyan,Taungtha,2025-12-31,10.0,28.0,4.5,5.1891,4.0,1.4826,0.5,2.9652,3.0,2.9652,0,1,1,1,Abnormal increase in fatalities compared to past months and long-term history. Abnormal increase in armed-conflict events compared to long-term history.,Both surges
MMR010019,Mandalay,Myingyan,Natogyi,2025-12-31,8.0,1.0,2.5,2.59455,5.0,2.9652,3.5,9.636899999999999,12.0,8.8956,0,0,0,0,normal,normal
MMR010020,Mandalay,Nyaung-U,Kyaukpadaung,2025-12-31,1.0,0.0,2.0,0.0,2.0,1.4826,0.5,1.4826,0.0,0.7413,0,0,0,0,normal,normal
MMR010021,Mandalay,Myingyan,Ngazun,2025-12-31,7.0,18.0,5.0,1.8532499999999998,5.0,2.9652,20.5,12.231449999999999,6.0,5.9304,0,0,0,0,normal,normal
MMR010022,Mandalay,Nyaung-U,Nyaung-U,2025-12-31,7.0,18.0,6.0,4.4478,2.0,1.4826,1.5,1.11195,1.0,0.7413,0,1,1,0,Abnormal increase in fatalities compared to past months. Abnormal increase in armed-conflict events compared to long-term history.,Both surges
MMR010023,Mandalay,Yamethin,Yamethin,2025-12-31,2.0,0.0,0.0,0.0,0.0,0.0,0.0,0.0,0.0,0.0,1,1,0,0,Abnormal increase in armed-conflict events compared to past months and long-term history.,Event surge
MMR010024,Mandalay,Yamethin,Pyawbwe,2025-12-31,0.0,0.0,1.0,0.37065,0.0,0.0,0.0,0.0,0.0,0.0,0,0,0,0,normal,normal
MMR010028,Mandalay,Meiktila,Meiktila,2025-12-31,2.0,2.0,1.0,1.11195,0.0,1.4826,0.0,0.0,0.0,0.0,0,1,0,0,Abnormal increase in armed-conflict events compared to long-term history.,Event surge
MMR010029,Mandalay,Meiktila,Mahlaing,2025-12-31,3.0,3.0,3.0,0.0,1.0,1.4826,0.0,1.8532499999999998,0.0,0.0,0,0,1,0,Abnormal increase in fatalities compared to past months.,Fatality surge
MMR010030,Mandalay,Meiktila,Thazi,2025-12-31,0.0,0.0,0.0,0.0,0.0,0.0,0.0,0.0,0.0,0.0,0,0,0,0,normal,normal
MMR010031,Mandalay,Meiktila,Wundwin,2025-12-31,1.0,0.0,7.0,5.559749999999999,1.0,1.4826,0.0,0.0,0.0,0.0,0,0,0,0,normal,normal
MMR011001,Mon,Mawlamyine,Mawlamyine,2025-12-31,1.0,2.0,0.0,0.0,2.0,2.9652,0.0,0.0,0.0,0.0,0,0,0,0,normal,normal
MMR011002,Mon,Mawlamyine,Kyaikmaraw,2025-12-31,2.0,2.0,0.5,0.7413,1.0,1.4826,0.5,0.7413,0.0,0.0,0,0,0,0,normal,normal
MMR011003,Mon,Mawlamyine,Chaungzon,2025-12-31,0.0,0.0,0.0,0.0,0.0,0.0,0.0,0.0,0.0,0.0,0,0,0,0,normal,normal
MMR011004,Mon,Mawlamyine,Thanbyuzayat,2025-12-31,1.0,0.0,1.0,1.4826,1.0,1.4826,0.0,1.11195,0.0,1.4826,0,0,0,0,normal,normal
MMR011005,Mon,Mawlamyine,Mudon,2025-12-31,2.0,2.0,1.0,0.37065,1.0,1.4826,1.0,0.37065,0.0,0.0,0,0,0,0,normal,normal
MMR011006,Mon,Mawlamyine,Ye,2025-12-31,7.0,33.0,6.5,3.7064999999999997,10.0,4.4478,19.0,24.462899999999998,8.0,9.636899999999999,0,0,0,1,Abnormal increase in fatalities compared to long-term history.,Fatality surge
MMR011007,Mon,Thaton,Thaton,2025-12-31,1.0,0.0,1.5,2.59455,5.0,2.9652,0.5,1.11195,2.0,2.9652,0,0,0,0,normal,normal
MMR011008,Mon,Thaton,Paung,2025-12-31,0.0,0.0,1.0,0.37065,2.0,2.9652,0.0,0.0,0.0,0.0,0,0,0,0,normal,normal
MMR011009,Mon,Thaton,Kyaikto,2025-12-31,7.0,2.0,4.0,1.8532499999999998,8.0,4.4478,1.0,0.7413,6.0,7.412999999999999,0,0,0,0,normal,normal
MMR011010,Mon,Thaton,Bilin,2025-12-31,2.0,1.0,7.5,3.3358499999999998,6.0,2.9652,5.5,3.3358499999999998,3.0,2.9652,0,0,0,0,normal,normal
MMR012001,Rakhine,Sittwe,Sittwe,2025-12-31,9.0,41.0,10.5,1.8532499999999998,5.0,2.9652,0.0,0.0,0.0,0.0,0,0,1,1,Abnormal increase in fatalities compared to past months and long-term history.,Fatality surge
MMR012002,Rakhine,Sittwe,Ponnagyun,2025-12-31,2.0,0.0,1.5,1.4826,1.0,1.4826,0.0,0.0,0.0,0.0,0,0,0,0,normal,normal
MMR012003,Rakhine,Mrauk-U,Mrauk-U,2025-12-31,0.0,0.0,1.0,0.0,1.0,1.4826,0.0,0.0,0.0,0.0,0,0,0,0,normal,normal
MMR012004,Rakhine,Mrauk-U,Kyauktaw,2025-12-31,1.0,2.0,0.5,0.37065,1.0,1.4826,0.5,0.7413,0.0,0.0,0,0,0,0,normal,normal
MMR012005,Rakhine,Mrauk-U,Minbya,2025-12-31,0.0,0.0,0.5,0.7413,2.0,1.4826,0.0,0.0,0.0,0.0,0,0,0,0,normal,normal
MMR012006,Rakhine,Mrauk-U,Myebon,2025-12-31,0.0,0.0,0.0,0.7413,0.0,0.0,0.0,0.37065,0.0,0.0,0,0,0,0,normal,normal
MMR012007,Rakhine,Sittwe,Pauktaw,2025-12-31,4.0,3.0,1.0,0.0,1.0,1.4826,0.0,0.0,0.0,0.0,1,0,1,0,Abnormal increase in fatalities compared to past months. Abnormal increase in armed-conflict events compared to past months.,Both surges
MMR012008,Rakhine,Sittwe,Rathedaung,2025-12-31,1.0,0.0,1.5,1.11195,1.0,1.4826,0.0,0.0,0.0,0.0,0,0,0,0,normal,normal
MMR012009,Rakhine,Maungdaw,Maungdaw,2025-12-31,5.0,1.0,4.5,1.11195,6.0,4.4478,2.5,2.59455,3.0,2.9652,0,0,0,0,normal,normal
MMR012010,Rakhine,Maungdaw,Buthidaung,2025-12-31,0.0,0.0,0.0,0.0,2.0,2.9652,0.0,0.0,0.0,1.4826,0,0,0,0,normal,normal
MMR012011,Rakhine,Kyaukpyu,Kyaukpyu,2025-12-31,17.0,20.0,13.0,5.1891,2.0,1.4826,2.5,1.8532499999999998,0.0,0.0,0,1,1,1,Abnormal increase in fatalities compared to past months and long-term history. Abnormal increase in armed-conflict events compared to long-term history.,Both surges
MMR012012,Rakhine,Kyaukpyu,Munaung,2025-12-31,0.0,0.0,0.0,0.0,0.0,0.0,0.0,0.0,0.0,0.0,0,0,0,0,normal,normal
MMR012013,Rakhine,Kyaukpyu,Ramree,2025-12-31,0.0,0.0,0.0,0.0,0.0,0.0,0.0,0.0,0.0,0.0,0,0,0,0,normal,normal
MMR012014,Rakhine,Kyaukpyu,Ann,2025-12-31,3.0,0.0,2.0,1.4826,3.0,2.9652,0.0,14.825999999999999,0.0,0.0,0,0,0,0,normal,normal
MMR012015,Rakhine,Thandwe,Thandwe,2025-12-31,0.0,0.0,0.0,0.7413,1.0,1.4826,0.0,0.0,0.0,0.0,0,0,0,0,normal,normal
MMR012016,Rakhine,Thandwe,Toungup,2025-12-31,1.0,0.0,3.0,0.0,2.0,1.4826,0.0,0.37065,0.0,0.0,0,0,0,0,normal,normal
MMR012017,Rakhine,Thandwe,Gwa,2025-12-31,1.0,0.0,1.5,0.7413,1.0,1.4826,1.0,0.7413,0.0,0.0,0,0,0,0,normal,normal
MMR013001,Yangon,Yangon-North,Insein,2025-12-31,1.0,0.0,0.0,1.4826,2.0,3.7064999999999997,0.0,0.0,0.0,0.0,0,0,0,0,normal,normal
MMR013002,Yangon,Yangon-North,Mingaladon,2025-12-31,0.0,0.0,0.0,0.7413,3.0,2.9652,0.0,0.0,0.0,0.7413,0,0,0,0,normal,normal
MMR013003,Yangon,Yangon-North,Hmawbi,2025-12-31,1.0,0.0,1.0,1.4826,0.0,0.7413,0.0,0.0,0.0,0.0,0,0,0,0,normal,normal
MMR013004,Yangon,Yangon-North,Hlegu,2025-12-31,1.0,0.0,0.0,0.0,0.0,1.4826,0.0,0.0,0.0,0.0,0,0,0,0,normal,normal
MMR013005,Yangon,Yangon-North,Taikkyi,2025-12-31,0.0,0.0,0.0,0.37065,0.0,0.7413,0.0,0.0,0.0,0.0,0,0,0,0,normal,normal
MMR013006,Yangon,Yangon-North,Htantabin,2025-12-31,0.0,0.0,0.0,0.0,0.0,0.0,0.0,0.0,0.0,0.0,0,0,0,0,normal,normal
MMR013007,Yangon,Yangon-North,Shwepyithar,2025-12-31,1.0,0.0,2.5,0.7413,3.0,1.4826,0.0,0.0,0.0,0.0,0,0,0,0,normal,normal
MMR013009,Yangon,Yangon-East,Thingangyun,2025-12-31,0.0,0.0,0.0,0.0,1.0,1.4826,0.0,0.0,0.0,0.0,0,0,0,0,normal,normal
MMR013010,Yangon,Yangon-East,Yankin,2025-12-31,0.0,0.0,0.0,0.0,0.0,0.0,0.0,0.0,0.0,0.0,0,0,0,0,normal,normal
MMR013011,Yangon,Yangon-East,South Okkalapa,2025-12-31,0.0,0.0,0.0,0.0,1.0,1.4826,0.0,0.0,0.0,0.0,0,0,0,0,normal,normal
MMR013012,Yangon,Yangon-East,North Okkalapa,2025-12-31,2.0,0.0,1.5,1.4826,3.0,3.7064999999999997,0.0,0.0,0.0,0.0,0,0,0,0,normal,normal
MMR013013,Yangon,Yangon-East,Thaketa,2025-12-31,0.0,0.0,0.0,0.0,1.0,2.9652,0.0,0.0,0.0,0.0,0,0,0,0,normal,normal
MMR013014,Yangon,Yangon-East,Dawbon,2025-12-31,1.0,2.0,0.0,0.0,0.0,1.4826,0.0,0.0,0.0,0.0,0,0,0,0,normal,normal
MMR013015,Yangon,Yangon-East,Tamwe,2025-12-31,0.0,0.0,0.0,0.0,1.0,2.9652,0.0,0.0,0.0,0.0,0,0,0,0,normal,normal
MMR013016,Yangon,Yangon-East,Pazundaung,2025-12-31,0.0,0.0,0.0,0.37065,0.0,1.4826,0.0,0.0,0.0,0.0,0,0,0,0,normal,normal
MMR013017,Yangon,Yangon-East,Botahtaung,2025-12-31,0.0,0.0,0.0,0.0,0.0,0.0,0.0,0.0,0.0,0.0,0,0,0,0,normal,normal
MMR013018,Yangon,Yangon-East,Dagon Myothit-South,2025-12-31,1.0,0.0,2.0,1.4826,2.0,1.4826,0.0,0.0,0.0,0.0,0,0,0,0,normal,normal
MMR013019,Yangon,Yangon-East,Dagon Myothit-North,2025-12-31,0.0,0.0,0.0,0.0,1.0,2.9652,0.0,0.0,0.0,0.0,0,0,0,0,normal,normal
MMR013020,Yangon,Yangon-East,Dagon Myothit-East,2025-12-31,0.0,0.0,0.0,0.0,0.0,1.4826,0.0,0.0,0.0,0.0,0,0,0,0,normal,normal
MMR013021,Yangon,Yangon-East,Dagon Myothit-Seikkan,2025-12-31,0.0,0.0,0.0,0.0,0.0,1.4826,0.0,0.0,0.0,0.0,0,0,0,0,normal,normal
MMR013022,Yangon,Yangon-East,Mingalartaungnyunt,2025-12-31,0.0,0.0,0.0,0.0,0.0,1.4826,0.0,0.0,0.0,0.0,0,0,0,0,normal,normal
MMR013023,Yangon,Yangon-South,Thanlyin,2025-12-31,0.0,0.0,0.0,0.0,1.0,1.4826,0.0,0.0,0.0,0.0,0,0,0,0,normal,normal
MMR013024,Yangon,Yangon-South,Kyauktan,2025-12-31,0.0,0.0,0.0,0.0,0.0,0.0,0.0,0.0,0.0,0.0,0,0,0,0,normal,normal
MMR013025,Yangon,Yangon-South,Thongwa,2025-12-31,0.0,0.0,0.0,0.0,0.0,0.0,0.0,0.0,0.0,0.0,0,0,0,0,normal,normal
MMR013026,Yangon,Yangon-South,Kayan,2025-12-31,0.0,0.0,0.0,0.0,0.0,1.4826,0.0,0.0,0.0,0.0,0,0,0,0,normal,normal
MMR013027,Yangon,Yangon-South,Twantay,2025-12-31,0.0,0.0,0.0,0.0,1.0,1.4826,0.0,0.0,0.0,0.0,0,0,0,0,normal,normal
MMR013028,Yangon,Yangon-South,Kawhmu,2025-12-31,0.0,0.0,0.0,0.0,0.0,1.4826,0.0,0.0,0.0,0.0,0,0,0,0,normal,normal
MMR013029,Yangon,Yangon-South,Kungyangon,2025-12-31,0.0,0.0,0.0,0.0,0.0,1.4826,0.0,0.0,0.0,0.0,0,0,0,0,normal,normal
MMR013030,Yangon,Yangon-South,Dala,2025-12-31,0.0,0.0,0.0,0.0,0.0,0.0,0.0,0.0,0.0,0.0,0,0,0,0,normal,normal
MMR013031,Yangon,Yangon-South,Seikgyikanaungto,2025-12-31,0.0,0.0,0.0,0.0,0.0,0.0,0.0,0.0,0.0,0.0,0,0,0,0,normal,normal
MMR013033,Yangon,Yangon-West,Kyauktada,2025-12-31,0.0,0.0,0.0,0.0,0.0,1.4826,0.0,0.0,0.0,0.0,0,0,0,0,normal,normal
MMR013034,Yangon,Yangon-West,Pabedan,2025-12-31,0.0,0.0,0.0,0.0,0.0,0.0,0.0,0.0,0.0,0.0,0,0,0,0,normal,normal
MMR013035,Yangon,Yangon-West,Lanmadaw,2025-12-31,0.0,0.0,0.0,0.0,0.0,0.7413,0.0,0.0,0.0,0.0,0,0,0,0,normal,normal
MMR013036,Yangon,Yangon-West,Latha,2025-12-31,0.0,0.0,0.0,0.0,0.0,0.0,0.0,0.0,0.0,0.0,0,0,0,0,normal,normal
MMR013037,Yangon,Yangon-West,Ahlone,2025-12-31,1.0,0.0,0.0,0.0,0.0,1.4826,0.0,0.0,0.0,0.0,0,0,0,0,normal,normal
MMR013038,Yangon,Yangon-West,Kyeemyindaing,2025-12-31,0.0,0.0,0.0,0.0,0.0,1.4826,0.0,0.0,0.0,0.0,0,0,0,0,normal,normal
MMR013039,Yangon,Yangon-West,Sanchaung,2025-12-31,1.0,0.0,0.0,0.0,1.0,2.9652,0.0,0.0,0.0,0.0,0,0,0,0,normal,normal
MMR013040,Yangon,Yangon-West,Hlaing,2025-12-31,1.0,0.0,2.0,1.11195,6.0,7.412999999999999,0.0,0.0,0.0,0.0,0,0,0,0,normal,normal
MMR013041,Yangon,Yangon-West,Kamaryut,2025-12-31,0.0,0.0,0.0,0.0,1.0,1.4826,0.0,0.0,0.0,0.0,0,0,0,0,normal,normal
MMR013042,Yangon,Yangon-West,Mayangone,2025-12-31,0.0,0.0,0.5,0.37065,1.0,2.9652,0.0,0.0,0.0,0.0,0,0,0,0,normal,normal
MMR013043,Yangon,Yangon-West,Dagon,2025-12-31,0.0,0.0,0.0,0.0,0.0,0.0,0.0,0.0,0.0,0.0,0,0,0,0,normal,normal
MMR013044,Yangon,Yangon-West,Bahan,2025-12-31,0.0,0.0,0.0,0.0,0.0,1.4826,0.0,0.0,0.0,0.0,0,0,0,0,normal,normal
MMR013046,Yangon,Yangon-North,Hlaingtharya-East,2025-12-31,0.0,0.0,1.5,0.7413,3.0,4.4478,0.0,0.0,0.0,0.7413,0,0,0,0,normal,normal
MMR013047,Yangon,Yangon-North,Hlaingtharya-West,2025-12-31,2.0,0.0,1.0,0.7413,0.0,0.0,0.0,0.0,0.0,0.0,0,1,0,0,Abnormal increase in armed-conflict events compared to long-term history.,Event surge
MMR014001,Shan,Taunggyi,Taunggyi,2025-12-31,1.0,0.0,1.5,0.37065,2.0,2.2239,0.0,0.0,0.0,0.0,0,0,0,0,normal,normal
MMR014002,Shan,Taunggyi,Nyaungshwe,2025-12-31,3.0,2.0,7.0,5.9304,1.0,1.4826,0.5,1.11195,0.0,0.0,0,0,0,0,normal,normal
MMR014003,Shan,Pa-O Self-Administered Zone,Hopong,2025-12-31,0.0,0.0,0.0,0.0,0.0,0.0,0.0,0.0,0.0,0.0,0,0,0,0,normal,normal
MMR014004,Shan,Pa-O Self-Administered Zone,Hsihseng,2025-12-31,5.0,45.0,8.0,5.559749999999999,1.0,1.4826,34.5,15.5673,0.0,0.0,0,0,0,1,Abnormal increase in fatalities compared to long-term history.,Fatality surge
MMR014005,Shan,Taunggyi,Kalaw,2025-12-31,0.0,0.0,0.0,0.0,0.0,1.4826,0.0,0.0,0.0,0.0,0,0,0,0,normal,normal
MMR014006,Shan,Danu Self-Administered Zone,Pindaya,2025-12-31,0.0,0.0,0.0,0.0,0.0,0.0,0.0,0.0,0.0,0.0,0,0,0,0,normal,normal
MMR014007,Shan,Danu Self-Administered Zone,Ywangan,2025-12-31,3.0,5.0,0.0,0.0,2.0,1.4826,0.0,0.0,0.0,0.0,1,0,1,0,Abnormal increase in fatalities compared to past months. Abnormal increase in armed-conflict events compared to past months.,Both surges
MMR014008,Shan,Taunggyi,Lawksawk,2025-12-31,3.0,30.0,3.5,1.4826,2.0,1.4826,7.5,11.119499999999999,0.0,0.0,0,0,0,1,Abnormal increase in fatalities compared to long-term history.,Fatality surge
MMR014009,Shan,Pa-O Self-Administered Zone,Pinlaung,2025-12-31,1.0,0.0,0.0,0.0,1.0,1.4826,0.0,0.0,0.0,1.4826,0,0,0,0,normal,normal
MMR014010,Shan,Taunggyi,Pekon,2025-12-31,8.0,3.0,11.0,3.3358499999999998,9.0,4.4478,3.0,4.07715,10.0,14.825999999999999,0,0,0,0,normal,normal
MMR014011,Shan,Loilen,Loilen,2025-12-31,0.0,0.0,0.0,0.0,0.0,0.0,0.0,0.0,0.0,0.0,0,0,0,0,normal,normal
MMR014012,Shan,Loilen,Laihka,2025-12-31,0.0,0.0,0.0,0.0,0.0,0.0,0.0,0.0,0.0,0.0,0,0,0,0,normal,normal
MMR014013,Shan,Loilen,Nansang,2025-12-31,0.0,0.0,0.0,0.37065,0.0,0.0,0.0,0.0,0.0,0.0,0,0,0,0,normal,normal
MMR014014,Shan,Loilen,Kunhing,2025-12-31,0.0,0.0,0.0,0.0,0.0,0.0,0.0,0.0,0.0,0.0,0,0,0,0,normal,normal
MMR014015,Shan,Loilen,Kyethi,2025-12-31,0.0,0.0,0.0,0.0,0.0,0.7413,0.0,0.0,0.0,0.0,0,0,0,0,normal,normal
MMR014016,Shan,Loilen,Mongkaing,2025-12-31,0.0,0.0,0.0,0.0,0.0,2.2239,0.0,0.0,0.0,0.0,0,0,0,0,normal,normal
MMR014017,Shan,Loilen,Monghsu,2025-12-31,0.0,0.0,0.0,0.0,0.0,0.0,0.0,0.0,0.0,0.0,0,0,0,0,normal,normal
MMR014019,Shan,Langkho,Mongnai,2025-12-31,0.0,0.0,0.0,0.0,0.0,0.0,0.0,0.0,0.0,0.0,0,0,0,0,normal,normal
MMR014020,Shan,Langkho,Mawkmai,2025-12-31,2.0,2.0,0.0,0.0,0.0,0.0,0.0,0.0,0.0,0.0,1,1,0,0,Abnormal increase in armed-conflict events compared to past months and long-term history.,Event surge
MMR014021,Shan,Langkho,Mongpan,2025-12-31,0.0,0.0,0.0,0.0,0.0,0.0,0.0,0.0,0.0,0.0,0,0,0,0,normal,normal
MMR015001,Shan,Lashio,Lashio,2025-12-31,0.0,0.0,2.5,0.7413,8.0,8.1543,0.0,0.0,1.0,2.9652,0,0,0,0,normal,normal
MMR015002,Shan,Lashio,Hseni,2025-12-31,1.0,0.0,1.0,0.7413,3.0,2.9652,0.0,0.0,1.0,1.4826,0,0,0,0,normal,normal
MMR015003,Shan,Lashio,Mongyai,2025-12-31,0.0,0.0,0.0,0.0,0.0,1.4826,0.0,0.0,0.0,0.0,0,0,0,0,normal,normal
MMR015004,Shan,Lashio,Tangyan,2025-12-31,1.0,0.0,0.0,0.0,0.0,0.0,0.0,0.0,0.0,0.0,0,0,0,0,normal,normal
MMR015005,Shan,Matman,Pangsang,2025-12-31,0.0,0.0,0.0,0.0,0.0,0.0,0.0,0.0,0.0,0.0,0,0,0,0,normal,normal
MMR015007,Shan,Hopang,Pangwaun,2025-12-31,0.0,0.0,0.0,0.0,0.0,0.0,0.0,0.0,0.0,0.0,0,0,0,0,normal,normal
MMR015009,Shan,Muse,Muse,2025-12-31,1.0,0.0,1.5,1.11195,7.0,10.3782,0.0,0.0,2.0,4.4478,0,0,0,0,normal,normal
MMR015010,Shan,Muse,Namhkan,2025-12-31,0.0,0.0,1.0,1.11195,2.0,4.4478,0.0,0.0,0.0,1.4826,0,0,0,0,normal,normal
MMR015011,Shan,Muse,Kutkai,2025-12-31,1.0,1.0,0.5,0.7413,8.0,5.1891,0.0,0.0,3.0,4.4478,0,0,0,0,normal,normal
MMR015012,Shan,Kyaukme,Kyaukme,2025-12-31,3.0,1.0,3.5,0.37065,4.0,2.2239,1.0,0.7413,0.0,1.4826,0,0,0,0,normal,normal
MMR015013,Shan,Kyaukme,Nawnghkio,2025-12-31,21.0,1.0,30.0,7.04235,9.0,7.412999999999999,0.5,0.37065,2.0,2.9652,0,0,0,0,normal,normal
MMR015014,Shan,Kyaukme,Hsipaw,2025-12-31,2.0,0.0,2.0,1.4826,4.0,2.9652,1.0,1.4826,0.0,0.7413,0,0,0,0,normal,normal
MMR015015,Shan,Kyaukme,Namtu,2025-12-31,1.0,0.0,0.0,0.0,1.0,1.4826,0.0,0.0,0.0,0.0,0,0,0,0,normal,normal
MMR015016,Shan,Pa Laung Self-Administered Zone,Namhsan,2025-12-31,0.0,0.0,0.0,0.0,1.0,1.4826,0.0,0.0,0.0,0.0,0,0,0,0,normal,normal
MMR015017,Shan,Mongmit,Mongmit,2025-12-31,0.0,0.0,0.0,0.0,2.0,2.9652,0.0,0.0,0.0,0.0,0,0,0,0,normal,normal
MMR015018,Shan,Mongmit,Mabein,2025-12-31,0.0,0.0,0.0,0.0,0.0,0.7413,0.0,0.0,0.0,0.0,0,0,0,0,normal,normal
MMR015019,Shan,Pa Laung Self-Administered Zone,Manton,2025-12-31,0.0,0.0,1.0,0.37065,1.0,1.4826,0.0,0.0,0.0,0.0,0,0,0,0,normal,normal
MMR015020,Shan,Lashio,Kunlong,2025-12-31,0.0,0.0,0.0,0.0,0.0,0.7413,0.0,0.0,0.0,0.0,0,0,0,0,normal,normal
MMR015021,Shan,Hopang,Hopang,2025-12-31,0.0,0.0,0.0,0.0,0.0,0.0,0.0,0.0,0.0,0.0,0,0,0,0,normal,normal
MMR015022,Shan,Kokang Self-Administered Zone,Laukkaing,2025-12-31,0.0,0.0,0.0,0.0,1.0,1.4826,0.0,0.0,0.0,0.0,0,0,0,0,normal,normal
MMR015023,Shan,Kokang Self-Administered Zone,Konkyan,2025-12-31,0.0,0.0,0.0,0.0,0.0,0.0,0.0,0.0,0.0,0.0,0,0,0,0,normal,normal
MMR016001,Shan,Kengtung,Kengtung,2025-12-31,0.0,0.0,0.0,0.0,0.0,0.0,0.0,0.0,0.0,0.0,0,0,0,0,normal,normal
MMR016005,Shan,Kengtung,Mongla,2025-12-31,0.0,0.0,0.0,0.0,0.0,0.0,0.0,0.0,0.0,0.0,0,0,0,0,normal,normal
MMR016006,Shan,Monghsat,Monghsat,2025-12-31,0.0,0.0,0.0,0.0,0.0,0.0,0.0,0.0,0.0,0.0,0,0,0,0,normal,normal
MMR016008,Shan,Monghsat,Mongton,2025-12-31,0.0,0.0,0.0,0.0,0.0,0.0,0.0,0.0,0.0,0.0,0,0,0,0,normal,normal
MMR016009,Shan,Tachileik,Tachileik,2025-12-31,0.0,0.0,0.0,0.0,0.0,1.4826,0.0,0.0,0.0,0.0,0,0,0,0,normal,normal
MMR016010,Shan,Tachileik,Monghpyak,2025-12-31,0.0,0.0,0.0,0.0,0.0,0.0,0.0,0.0,0.0,0.0,0,0,0,0,normal,normal
MMR017001,Ayeyarwady,Pathein,Pathein,2025-12-31,12.0,0.0,6.0,2.2239,3.0,2.9652,1.0,1.4826,0.0,0.0,1,1,0,0,Abnormal increase in armed-conflict events compared to past months and long-term history.,Event surge
MMR017002,Ayeyarwady,Pathein,Kangyidaunt,2025-12-31,0.0,0.0,0.0,0.0,0.0,0.0,0.0,0.0,0.0,0.0,0,0,0,0,normal,normal
MMR017003,Ayeyarwady,Pathein,Thabaung,2025-12-31,7.0,0.0,7.5,7.04235,0.0,0.0,0.0,0.37065,0.0,0.0,0,1,0,0,Abnormal increase in armed-conflict events compared to long-term history.,Event surge
MMR017004,Ayeyarwady,Pathein,Ngapudaw,2025-12-31,4.0,0.0,1.5,0.7413,1.0,0.7413,0.0,0.37065,0.0,0.0,1,0,0,0,Abnormal increase in armed-conflict events compared to past months.,Event surge
MMR017005,Ayeyarwady,Pathein,Kyonpyaw,2025-12-31,2.0,0.0,3.0,1.4826,1.0,1.4826,0.0,0.0,0.0,0.0,0,0,0,0,normal,normal
MMR017006,Ayeyarwady,Pathein,Yegyi,2025-12-31,8.0,0.0,6.5,2.59455,1.0,1.4826,0.5,1.4826,0.0,0.0,0,1,0,0,Abnormal increase in armed-conflict events compared to long-term history.,Event surge
MMR017007,Ayeyarwady,Pathein,Kyaunggon,2025-12-31,0.0,0.0,0.0,0.0,0.0,0.0,0.0,0.0,0.0,0.0,0,0,0,0,normal,normal
MMR017008,Ayeyarwady,Hinthada,Hinthada,2025-12-31,1.0,1.0,1.0,0.7413,1.0,1.4826,0.0,0.0,0.0,0.0,0,0,0,0,normal,normal
MMR017009,Ayeyarwady,Hinthada,Zalun,2025-12-31,0.0,0.0,0.0,0.0,0.0,0.0,0.0,0.0,0.0,0.0,0,0,0,0,normal,normal
MMR017010,Ayeyarwady,Hinthada,Lemyethna,2025-12-31,3.0,0.0,7.5,4.8184499999999995,0.0,0.0,0.0,0.37065,0.0,0.0,0,1,0,0,Abnormal increase in armed-conflict events compared to long-term history.,Event surge
MMR017011,Ayeyarwady,Hinthada,Myanaung,2025-12-31,0.0,0.0,0.0,0.0,1.0,1.4826,0.0,0.0,0.0,0.0,0,0,0,0,normal,normal
MMR017012,Ayeyarwady,Hinthada,Kyangin,2025-12-31,0.0,0.0,0.0,0.37065,2.0,1.4826,0.0,0.0,0.0,0.0,0,0,0,0,normal,normal
MMR017013,Ayeyarwady,Hinthada,Ingapu,2025-12-31,0.0,0.0,0.5,0.37065,0.0,1.4826,0.0,0.0,0.0,0.0,0,0,0,0,normal,normal
MMR017014,Ayeyarwady,Myaungmya,Myaungmya,2025-12-31,0.0,0.0,0.0,0.7413,0.0,0.7413,0.0,0.0,0.0,0.0,0,0,0,0,normal,normal
MMR017015,Ayeyarwady,Myaungmya,Einme,2025-12-31,0.0,0.0,0.0,0.0,0.0,0.0,0.0,0.0,0.0,0.0,0,0,0,0,normal,normal
MMR017016,Ayeyarwady,Labutta,Labutta,2025-12-31,0.0,0.0,0.0,0.0,0.0,0.0,0.0,0.0,0.0,0.0,0,0,0,0,normal,normal
MMR017017,Ayeyarwady,Myaungmya,Wakema,2025-12-31,0.0,0.0,0.0,0.0,0.0,0.0,0.0,0.0,0.0,0.0,0,0,0,0,normal,normal
MMR017018,Ayeyarwady,Labutta,Mawlamyinegyun,2025-12-31,0.0,0.0,0.0,0.0,0.0,1.4826,0.0,0.0,0.0,0.0,0,0,0,0,normal,normal
MMR017019,Ayeyarwady,Maubin,Maubin,2025-12-31,0.0,0.0,1.0,1.4826,1.0,1.4826,0.0,0.0,0.0,0.0,0,0,0,0,normal,normal
MMR017020,Ayeyarwady,Maubin,Pantanaw,2025-12-31,0.0,0.0,0.0,0.0,0.0,0.0,0.0,0.0,0.0,0.0,0,0,0,0,normal,normal
MMR017021,Ayeyarwady,Maubin,Nyaungdon,2025-12-31,0.0,0.0,0.0,0.0,0.0,0.0,0.0,0.0,0.0,0.0,0,0,0,0,normal,normal
MMR017022,Ayeyarwady,Maubin,Danubyu,2025-12-31,0.0,0.0,0.0,0.0,0.0,0.0,0.0,0.0,0.0,0.0,0,0,0,0,normal,normal
MMR017023,Ayeyarwady,Pyapon,Pyapon,2025-12-31,0.0,0.0,0.0,0.0,0.0,0.7413,0.0,0.0,0.0,0.0,0,0,0,0,normal,normal
MMR017024,Ayeyarwady,Pyapon,Bogale,2025-12-31,0.0,0.0,0.0,0.0,0.0,1.4826,0.0,0.0,0.0,0.0,0,0,0,0,normal,normal
MMR017025,Ayeyarwady,Pyapon,Kyaiklat,2025-12-31,0.0,0.0,0.0,0.0,0.0,0.0,0.0,0.0,0.0,0.0,0,0,0,0,normal,normal
MMR017026,Ayeyarwady,Pyapon,Dedaye,2025-12-31,0.0,0.0,0.0,0.0,0.0,0.0,0.0,0.0,0.0,0.0,0,0,0,0,normal,normal
MMR018001,Nay Pyi Taw,Oke Ta Ra,Zay Yar Thi Ri,2025-12-31,0.0,0.0,0.0,0.0,0.0,0.0,0.0,0.0,0.0,0.0,0,0,0,0,normal,normal
MMR018002,Nay Pyi Taw,Det Khi Na,Za Bu Thi Ri,2025-12-31,0.0,0.0,0.0,0.0,0.0,0.0,0.0,0.0,0.0,0.0,0,0,0,0,normal,normal
MMR018003,Nay Pyi Taw,Oke Ta Ra,Tatkon,2025-12-31,0.0,0.0,0.0,0.0,0.0,0.0,0.0,0.0,0.0,0.0,0,0,0,0,normal,normal
MMR018004,Nay Pyi Taw,Det Khi Na,Det Khi Na Thi Ri,2025-12-31,0.0,0.0,0.0,0.0,0.0,0.0,0.0,0.0,0.0,0.0,0,0,0,0,normal,normal
MMR018005,Nay Pyi Taw,Oke Ta Ra,Poke Ba Thi Ri,2025-12-31,0.0,0.0,1.0,1.11195,2.0,2.9652,0.0,0.0,0.0,0.0,0,0,0,0,normal,normal
MMR018006,Nay Pyi Taw,Det Khi Na,Pyinmana,2025-12-31,0.0,0.0,0.0,0.0,0.0,1.4826,0.0,0.0,0.0,0.0,0,0,0,0,normal,normal
MMR018007,Nay Pyi Taw,Det Khi Na,Lewe,2025-12-31,0.0,0.0,0.0,0.0,0.0,0.0,0.0,0.0,0.0,0.0,0,0,0,0,normal,normal
MMR018008,Nay Pyi Taw,Oke Ta Ra,Oke Ta Ra Thi Ri,2025-12-31,0.0,0.0,0.0,0.0,0.0,0.0,0.0,0.0,0.0,0.0,0,0,0,0,normal,normal
